millis,stamp,datetime,motion
12999, 1564581357, 2019/7/31 13:55:57, Inactive
13999, 1564581358, 2019/7/31 13:55:58, Inactive
14999, 1564581359, 2019/7/31 13:55:59, Inactive
16000, 1564581360, 2019/7/31 13:56:0, Inactive
16999, 1564581361, 2019/7/31 13:56:1, Inactive
17999, 1564581362, 2019/7/31 13:56:2, Active
18999, 1564581363, 2019/7/31 13:56:3, Active
19999, 1564581364, 2019/7/31 13:56:4, Inactive
20999, 1564581365, 2019/7/31 13:56:5, Inactive
21999, 1564581366, 2019/7/31 13:56:6, Inactive
23000, 1564581367, 2019/7/31 13:56:7, Inactive
23999, 1564581368, 2019/7/31 13:56:8, Inactive
24999, 1564581369, 2019/7/31 13:56:9, Active
25999, 1564581370, 2019/7/31 13:56:10, Active
26999, 1564581371, 2019/7/31 13:56:11, Inactive
28000, 1564581372, 2019/7/31 13:56:12, Inactive
28999, 1564581373, 2019/7/31 13:56:13, Inactive
29999, 1564581374, 2019/7/31 13:56:14, Inactive
30999, 1564581375, 2019/7/31 13:56:15, Inactive
32000, 1564581376, 2019/7/31 13:56:16, Inactive
32999, 1564581377, 2019/7/31 13:56:17, Inactive
33999, 1564581378, 2019/7/31 13:56:18, Inactive
34999, 1564581379, 2019/7/31 13:56:19, Active
35999, 1564581380, 2019/7/31 13:56:20, Active
36999, 1564581381, 2019/7/31 13:56:21, Inactive
37999, 1564581382, 2019/7/31 13:56:22, Inactive
39000, 1564581383, 2019/7/31 13:56:23, Inactive
39999, 1564581384, 2019/7/31 13:56:24, Inactive
40999, 1564581385, 2019/7/31 13:56:25, Inactive
41999, 1564581386, 2019/7/31 13:56:26, Inactive
42998, 1564581387, 2019/7/31 13:56:27, Inactive
43999, 1564581388, 2019/7/31 13:56:28, Inactive
44999, 1564581389, 2019/7/31 13:56:29, Inactive
46000, 1564581390, 2019/7/31 13:56:30, Inactive
46999, 1564581391, 2019/7/31 13:56:31, Inactive
48000, 1564581392, 2019/7/31 13:56:32, Inactive
48999, 1564581393, 2019/7/31 13:56:33, Active
49999, 1564581394, 2019/7/31 13:56:34, Active
50999, 1564581395, 2019/7/31 13:56:35, Active
51999, 1564581396, 2019/7/31 13:56:36, Inactive
52999, 1564581397, 2019/7/31 13:56:37, Inactive
53999, 1564581398, 2019/7/31 13:56:38, Inactive
54999, 1564581399, 2019/7/31 13:56:39, Inactive
55999, 1564581400, 2019/7/31 13:56:40, Inactive
56999, 1564581401, 2019/7/31 13:56:41, Inactive
57999, 1564581402, 2019/7/31 13:56:42, Inactive
58999, 1564581403, 2019/7/31 13:56:43, Inactive
59999, 1564581404, 2019/7/31 13:56:44, Inactive
60999, 1564581405, 2019/7/31 13:56:45, Inactive
62000, 1564581406, 2019/7/31 13:56:46, Inactive
62998, 1564581407, 2019/7/31 13:56:47, Active
64000, 1564581408, 2019/7/31 13:56:48, Active
64999, 1564581409, 2019/7/31 13:56:49, Inactive
65999, 1564581410, 2019/7/31 13:56:50, Inactive
66999, 1564581411, 2019/7/31 13:56:51, Inactive
67998, 1564581412, 2019/7/31 13:56:52, Inactive
68999, 1564581413, 2019/7/31 13:56:53, Inactive
69998, 1564581414, 2019/7/31 13:56:54, Active
71000, 1564581415, 2019/7/31 13:56:55, Active
71999, 1564581416, 2019/7/31 13:56:56, Inactive
72999, 1564581417, 2019/7/31 13:56:57, Inactive
73999, 1564581418, 2019/7/31 13:56:58, Inactive
74999, 1564581419, 2019/7/31 13:56:59, Inactive
75999, 1564581420, 2019/7/31 13:57:0, Inactive
76999, 1564581421, 2019/7/31 13:57:1, Inactive
78000, 1564581422, 2019/7/31 13:57:2, Active
79000, 1564581423, 2019/7/31 13:57:3, Active
80000, 1564581424, 2019/7/31 13:57:4, Active
80999, 1564581425, 2019/7/31 13:57:5, Inactive
81999, 1564581426, 2019/7/31 13:57:6, Inactive
82999, 1564581427, 2019/7/31 13:57:7, Inactive
83999, 1564581428, 2019/7/31 13:57:8, Inactive
84999, 1564581429, 2019/7/31 13:57:9, Inactive
85999, 1564581430, 2019/7/31 13:57:10, Active
86999, 1564581431, 2019/7/31 13:57:11, Active
87998, 1564581432, 2019/7/31 13:57:12, Active
88999, 1564581433, 2019/7/31 13:57:13, Inactive
89999, 1564581434, 2019/7/31 13:57:14, Inactive
90999, 1564581435, 2019/7/31 13:57:15, Inactive
91999, 1564581436, 2019/7/31 13:57:16, Inactive
92999, 1564581437, 2019/7/31 13:57:17, Inactive
93999, 1564581438, 2019/7/31 13:57:18, Inactive
94999, 1564581439, 2019/7/31 13:57:19, Active
96000, 1564581440, 2019/7/31 13:57:20, Active
96999, 1564581441, 2019/7/31 13:57:21, Inactive
97998, 1564581442, 2019/7/31 13:57:22, Inactive
98999, 1564581443, 2019/7/31 13:57:23, Inactive
99999, 1564581444, 2019/7/31 13:57:24, Inactive
100999, 1564581445, 2019/7/31 13:57:25, Inactive
101999, 1564581446, 2019/7/31 13:57:26, Active
103000, 1564581447, 2019/7/31 13:57:27, Active
103999, 1564581448, 2019/7/31 13:57:28, Inactive
104999, 1564581449, 2019/7/31 13:57:29, Inactive
105999, 1564581450, 2019/7/31 13:57:30, Inactive
106999, 1564581451, 2019/7/31 13:57:31, Inactive
107999, 1564581452, 2019/7/31 13:57:32, Inactive
108998, 1564581453, 2019/7/31 13:57:33, Inactive
110000, 1564581454, 2019/7/31 13:57:34, Inactive
110999, 1564581455, 2019/7/31 13:57:35, Inactive
112000, 1564581456, 2019/7/31 13:57:36, Inactive
112999, 1564581457, 2019/7/31 13:57:37, Inactive
113999, 1564581458, 2019/7/31 13:57:38, Inactive
114999, 1564581459, 2019/7/31 13:57:39, Inactive
115999, 1564581460, 2019/7/31 13:57:40, Inactive
116998, 1564581461, 2019/7/31 13:57:41, Inactive
117999, 1564581462, 2019/7/31 13:57:42, Inactive
119000, 1564581463, 2019/7/31 13:57:43, Inactive
119999, 1564581464, 2019/7/31 13:57:44, Inactive
120999, 1564581465, 2019/7/31 13:57:45, Active
121999, 1564581466, 2019/7/31 13:57:46, Active
122999, 1564581467, 2019/7/31 13:57:47, Inactive
123999, 1564581468, 2019/7/31 13:57:48, Inactive
124999, 1564581469, 2019/7/31 13:57:49, Inactive
125999, 1564581470, 2019/7/31 13:57:50, Inactive
126999, 1564581471, 2019/7/31 13:57:51, Inactive
128000, 1564581472, 2019/7/31 13:57:52, Active
128999, 1564581473, 2019/7/31 13:57:53, Active
129999, 1564581474, 2019/7/31 13:57:54, Active
130999, 1564581475, 2019/7/31 13:57:55, Inactive
131999, 1564581476, 2019/7/31 13:57:56, Inactive
133000, 1564581477, 2019/7/31 13:57:57, Inactive
133999, 1564581478, 2019/7/31 13:57:58, Inactive
135000, 1564581479, 2019/7/31 13:57:59, Inactive
135999, 1564581480, 2019/7/31 13:58:0, Inactive
136999, 1564581481, 2019/7/31 13:58:1, Inactive
137999, 1564581482, 2019/7/31 13:58:2, Active
138999, 1564581483, 2019/7/31 13:58:3, Active
140000, 1564581484, 2019/7/31 13:58:4, Inactive
140999, 1564581485, 2019/7/31 13:58:5, Inactive
141999, 1564581486, 2019/7/31 13:58:6, Inactive
142999, 1564581487, 2019/7/31 13:58:7, Inactive
144000, 1564581488, 2019/7/31 13:58:8, Inactive
144999, 1564581489, 2019/7/31 13:58:9, Inactive
145999, 1564581490, 2019/7/31 13:58:10, Active
146999, 1564581491, 2019/7/31 13:58:11, Active
147999, 1564581492, 2019/7/31 13:58:12, Active
148999, 1564581493, 2019/7/31 13:58:13, Inactive
149999, 1564581494, 2019/7/31 13:58:14, Inactive
151000, 1564581495, 2019/7/31 13:58:15, Inactive
151999, 1564581496, 2019/7/31 13:58:16, Inactive
152999, 1564581497, 2019/7/31 13:58:17, Active
153999, 1564581498, 2019/7/31 13:58:18, Active
154999, 1564581499, 2019/7/31 13:58:19, Active
155998, 1564581500, 2019/7/31 13:58:20, Inactive
156999, 1564581501, 2019/7/31 13:58:21, Inactive
157999, 1564581502, 2019/7/31 13:58:22, Inactive
158999, 1564581503, 2019/7/31 13:58:23, Inactive
160000, 1564581504, 2019/7/31 13:58:24, Active
160999, 1564581505, 2019/7/31 13:58:25, Active
161999, 1564581506, 2019/7/31 13:58:26, Active
162999, 1564581507, 2019/7/31 13:58:27, Inactive
163999, 1564581508, 2019/7/31 13:58:28, Inactive
165000, 1564581509, 2019/7/31 13:58:29, Inactive
165999, 1564581510, 2019/7/31 13:58:30, Inactive
166999, 1564581511, 2019/7/31 13:58:31, Inactive
167999, 1564581512, 2019/7/31 13:58:32, Active
168999, 1564581513, 2019/7/31 13:58:33, Active
169999, 1564581514, 2019/7/31 13:58:34, Inactive
170999, 1564581515, 2019/7/31 13:58:35, Inactive
171999, 1564581516, 2019/7/31 13:58:36, Inactive
172999, 1564581517, 2019/7/31 13:58:37, Inactive
174000, 1564581518, 2019/7/31 13:58:38, Inactive
174999, 1564581519, 2019/7/31 13:58:39, Active
176000, 1564581520, 2019/7/31 13:58:40, Active
176999, 1564581521, 2019/7/31 13:58:41, Inactive
177999, 1564581522, 2019/7/31 13:58:42, Inactive
178999, 1564581523, 2019/7/31 13:58:43, Inactive
179999, 1564581524, 2019/7/31 13:58:44, Inactive
180999, 1564581525, 2019/7/31 13:58:45, Inactive
181999, 1564581526, 2019/7/31 13:58:46, Inactive
183000, 1564581527, 2019/7/31 13:58:47, Inactive
183999, 1564581528, 2019/7/31 13:58:48, Active
184999, 1564581529, 2019/7/31 13:58:49, Active
185999, 1564581530, 2019/7/31 13:58:50, Inactive
186999, 1564581531, 2019/7/31 13:58:51, Inactive
187999, 1564581532, 2019/7/31 13:58:52, Inactive
188999, 1564581533, 2019/7/31 13:58:53, Inactive
189999, 1564581534, 2019/7/31 13:58:54, Inactive
190999, 1564581535, 2019/7/31 13:58:55, Active
192000, 1564581536, 2019/7/31 13:58:56, Active
192999, 1564581537, 2019/7/31 13:58:57, Inactive
193999, 1564581538, 2019/7/31 13:58:58, Inactive
194999, 1564581539, 2019/7/31 13:58:59, Inactive
195998, 1564581540, 2019/7/31 13:59:0, Inactive
196999, 1564581541, 2019/7/31 13:59:1, Inactive
197999, 1564581542, 2019/7/31 13:59:2, Active
199000, 1564581543, 2019/7/31 13:59:3, Active
